n,intercept_a,slope_b
200,612.7794219381332,5.830282811356401
500,612.9079897751451,5.997033946233544
1000,613.1929527498583,6.172676466200127
10000,612.9363371696761,6.041588266158568
