p,Phi^-1(p),x([(n+1)p])
0.1,-1.2815515655446004,-1.2343673069240764
0.2,-0.8416212335729142,-0.8127834364228367
0.3,-0.5244005127080409,-0.4987407490669003
0.4,-0.2533471031357997,-0.23563404211534553
0.5,0.0,0.014078739257181777
0.6,0.2533471031357997,0.266913976179673
0.7,0.5244005127080407,0.53877223337045
0.8,0.8416212335729143,0.8605432505564443
0.9,1.2815515655446004,1.2930528847254839
